City_ID,City,Lat,Lng,Max Temp,Humidity,Cloudiness,Wind Speed,Country,Date
0,jiancheng,30.391,104.5491,13.18,80,60,1.88,CN,1680989598
1,tasiilaq,65.6145,-37.6368,1.73,89,100,10.62,GL,1680989598
2,mataura,-46.1927,168.8643,9.15,68,74,2.38,NZ,1680989598
3,mar del plata,-38.0023,-57.5575,23.38,81,0,6.71,AR,1680989598
4,albany,42.6001,-73.9662,11.0,22,35,0.89,US,1680989588
5,provideniya,64.3833,-173.3,-17.98,80,42,3.03,RU,1680989599
6,ushuaia,-54.8,-68.3,3.81,75,40,14.4,AR,1680989599
7,vaini,-21.2,-175.2,29.09,84,40,4.63,TO,1680989599
8,xiaoweizhai,26.1903,107.5125,13.63,83,98,0.49,CN,1680989599
9,sao filipe,14.8961,-24.4956,22.16,75,83,5.27,CV,1680989599
10,quang ngai,15.1167,108.8,21.91,95,23,2.19,VN,1680989599
11,barrow,71.2906,-156.7887,-28.99,76,0,4.12,US,1680989599
12,tuatapere,-46.1333,167.6833,12.07,71,21,1.51,NZ,1680989599
13,busselton,-33.65,115.3333,15.22,83,100,2.89,AU,1680989599
14,nikolskoye,59.7035,30.7861,2.94,99,46,1.86,RU,1680989600
15,east london,-33.0153,27.9116,20.43,89,100,5.56,ZA,1680989600
16,berlevag,70.8578,29.0864,1.0,75,100,11.32,NO,1680989600
17,talnakh,69.4865,88.3972,-29.33,93,60,0.27,RU,1680989600
18,luderitz,-26.6481,15.1594,14.32,70,31,11.21,NA,1680989600
19,valparaiso,-33.0393,-71.6273,18.89,73,20,2.57,CL,1680989383
20,pierre,44.3683,-100.351,9.51,61,0,1.54,US,1680989600
21,gat,31.61,34.7642,24.11,31,96,3.06,IL,1680989465
22,jamestown,42.097,-79.2353,11.96,38,100,4.63,US,1680989544
23,eenhana,-17.4667,16.3333,24.7,41,100,0.88,NA,1680989600
24,port alfred,-33.5906,26.891,17.88,97,100,0.45,ZA,1680989601
25,dalbandin,28.8947,64.4101,21.84,31,38,0.41,PK,1680989601
26,bluff,-46.6,168.3333,9.33,72,84,3.35,NZ,1680989601
27,lebu,-37.6167,-73.65,13.91,74,97,3.94,CL,1680989601
28,avarua,-21.2078,-159.775,25.03,94,75,6.17,CK,1680989601
29,vanavara,60.34,102.2797,-10.88,95,100,2.5,RU,1680989601
30,rikitea,-23.1203,-134.9692,24.9,64,7,7.79,PF,1680989601
31,klaksvik,62.2266,-6.589,7.51,86,90,12.23,FO,1680989601
32,yellowknife,62.456,-114.3525,4.29,70,75,6.17,CA,1680989601
33,cape town,-33.9258,18.4232,16.88,67,40,4.63,ZA,1680989566
34,bengbu,32.9408,117.3608,8.67,63,2,3.54,CN,1680989602
35,vondrozo,-22.8167,47.2833,19.49,98,100,0.55,MG,1680989602
36,ilulissat,69.2167,-51.1,3.01,44,100,5.14,GL,1680989555
37,atuona,-9.8,-139.0333,27.15,69,0,6.08,PF,1680989602
38,bantry,51.6833,-9.45,10.99,93,97,6.72,IE,1680989602
39,luanda,-8.8368,13.2343,28.0,83,40,3.6,AO,1680989602
40,longyearbyen,78.2186,15.6401,-6.09,73,75,4.12,SJ,1680989450
41,mayo,38.8876,-76.5119,11.4,37,0,2.06,US,1680989602
42,san borja,-14.8167,-66.85,24.89,79,76,1.52,BO,1680989602
43,hilo,19.7297,-155.09,25.85,71,75,1.79,US,1680989581
44,bratislava,48.1482,17.1067,5.61,87,20,2.06,SK,1680989603
45,puerto ayora,-0.7393,-90.3518,29.98,82,59,2.68,EC,1680989603
46,kahului,20.8947,-156.47,27.01,72,40,10.8,US,1680989597
47,tochtepec,18.8333,-97.8167,25.9,30,69,4.26,MX,1680989603
48,old town,50.087,14.4202,6.11,88,0,2.06,CZ,1680989603
49,punta arenas,-53.15,-70.9167,6.06,70,40,10.29,CL,1680989423
50,ancud,-41.8697,-73.8203,12.4,69,85,0.57,CL,1680989603
51,tezpur,26.6333,92.8,21.76,59,67,2.29,IN,1680989604
52,new norfolk,-42.7826,147.0587,7.73,77,98,1.79,AU,1680989604
53,cidreira,-30.1811,-50.2056,21.42,75,97,6.26,BR,1680989604
54,kashi,39.4547,75.9797,17.56,23,0,6.0,CN,1680989604
55,coquimbo,-29.9533,-71.3436,17.85,82,75,3.6,CL,1680989405
56,wuzhou,23.4833,111.3167,17.36,84,94,1.02,CN,1680989604
57,taksimo,56.3444,114.8794,-16.65,88,65,1.02,RU,1680989604
58,bethel,41.3712,-73.414,11.97,19,0,0.45,US,1680989604
59,karratha,-20.7377,116.8463,26.87,35,32,3.92,AU,1680989604
60,salalah,17.0151,54.0924,28.05,74,40,2.06,OM,1680989605
61,prince rupert,54.3161,-130.3201,7.05,86,100,18.01,CA,1680989543
62,saint-philippe,-21.3585,55.7679,25.77,82,100,3.56,RE,1680989605
63,portland,45.5234,-122.6762,15.16,59,100,2.68,US,1680989097
64,butaritari,3.0707,172.7902,27.35,82,52,7.3,KI,1680989605
65,ucluelet,48.9329,-125.5528,9.49,93,100,3.53,CA,1680989605
66,norman wells,65.282,-126.8329,-2.98,59,75,2.06,CA,1680989605
67,constitucion,-35.3333,-72.4167,16.58,60,5,4.96,CL,1680989605
68,bayonet point,28.3267,-82.6834,29.64,75,100,2.68,US,1680989605
69,qaanaaq,77.484,-69.3632,-23.23,73,0,2.9,GL,1680989605
70,vung tau,10.346,107.0843,26.78,82,69,6.84,VN,1680989605
71,noyabrsk,63.1994,75.4507,-26.41,88,9,3.95,RU,1680989606
72,watsa,3.0372,29.5355,19.68,70,8,1.37,CD,1680989606
73,tiksi,71.6872,128.8694,-21.63,100,97,2.53,RU,1680989606
74,pawai,24.2667,80.1667,25.59,42,83,1.2,IN,1680989606
75,georgetown,5.4112,100.3354,25.96,94,20,1.03,MY,1680989606
76,chokurdakh,70.6333,147.9167,-20.88,90,94,3.4,RU,1680989606
77,souillac,-20.5167,57.5167,23.21,94,40,1.03,MU,1680989606
78,kyren,51.6828,102.1408,-3.31,92,100,0.98,RU,1680989606
79,hasaki,35.7333,140.8333,7.22,36,0,8.81,JP,1680989606
80,torbay,47.6666,-52.7314,-0.34,64,75,5.66,CA,1680989441
81,bonavista,48.6499,-53.1147,-2.77,70,98,8.05,CA,1680989607
82,atar,20.5169,-13.0499,25.8,19,97,1.95,MR,1680989607
83,castro,-24.7911,-50.0119,16.44,98,100,2.98,BR,1680989607
84,biak,-0.9131,122.8766,24.48,80,100,1.87,ID,1680989607
85,wajid,3.8093,43.2471,26.25,67,73,7.57,SO,1680989607
86,saint anthony,45.0205,-93.218,19.39,40,0,7.2,US,1680989431
87,laguna,38.421,-121.4238,21.05,38,100,1.54,US,1680989607
88,alice springs,-23.7,133.8833,12.75,88,1,0.0,AU,1680989607
89,legnago,45.1832,11.3091,11.64,79,100,0.89,IT,1680989607
90,dikson,73.5069,80.5464,-32.85,100,25,2.14,RU,1680989608
91,kieta,-6.2167,155.6333,27.98,75,100,0.71,PG,1680989608
92,hithadhoo,-0.6,73.0833,27.44,70,63,0.35,MV,1680989608
93,haines junction,60.7522,-137.5108,3.97,41,100,3.09,CA,1680989608
94,victoria,22.2855,114.1577,20.18,76,86,1.79,HK,1680989608
95,chuy,-33.6971,-53.4616,19.83,68,86,3.84,UY,1680989608
96,bambous virieux,-20.3428,57.7575,24.56,94,40,1.03,MU,1680989608
97,hermanus,-34.4187,19.2345,15.05,71,93,1.4,ZA,1680989609
98,lagoa,39.05,-27.9833,14.65,83,100,10.67,PT,1680989609
99,saint george,37.1041,-113.5841,22.92,21,0,3.09,US,1680989376
100,hobart,-42.8794,147.3294,7.92,87,75,6.17,AU,1680989609
101,okha,53.5739,142.9478,-4.82,71,100,6.45,RU,1680989609
102,saskylakh,71.9167,114.0833,-21.65,97,100,4.12,RU,1680989609
103,barpeta,26.3167,91.0,23.8,40,79,1.92,IN,1680989609
104,egvekinot,66.3167,-179.1667,-23.55,92,74,1.12,RU,1680989609
105,ponta do sol,32.6667,-17.1,18.73,74,100,1.86,PT,1680989609
106,potsdam,52.3989,13.0657,8.36,95,44,1.11,DE,1680989609
107,roma,43.2128,-75.4557,9.1,27,0,5.14,US,1680989609
108,burnie,-41.0667,145.9167,8.86,70,37,4.89,AU,1680989610
109,ostrovnoy,68.0531,39.5131,1.2,94,100,7.51,RU,1680989610
110,nanortalik,60.1432,-45.2371,-1.13,86,97,1.58,GL,1680989403
111,katsuura,35.1333,140.3,8.19,48,1,8.66,JP,1680989610
112,paita,-5.0892,-81.1144,28.25,70,69,4.0,PE,1680989610
113,magadan,59.5667,150.8,-7.88,74,89,3.08,RU,1680989610
114,san cristobal,7.7669,-72.225,26.1,60,100,1.62,VE,1680989610
115,luena,-11.7833,19.9167,20.1,88,99,1.54,AO,1680989610
116,bull savanna,17.8868,-77.5902,24.15,74,47,2.36,JM,1680989611
117,kapaa,22.0752,-159.319,25.61,75,75,6.17,US,1680989611
118,udachnyy,66.4167,112.4,-32.78,100,100,2.2,RU,1680989611
119,taltal,-25.4,-70.4833,18.18,83,60,2.1,CL,1680989420
120,severo-kurilsk,50.6789,156.125,1.82,99,100,3.22,RU,1680989611
121,barcelos,41.5388,-8.6151,17.14,70,78,1.48,PT,1680989549
122,sinnamary,5.3833,-52.95,25.53,79,95,3.69,GF,1680989611
123,de land,29.0283,-81.3031,32.79,40,0,2.57,US,1680989430
124,thinadhoo,0.5333,72.9333,27.83,73,43,1.29,MV,1680989612
125,port elizabeth,-33.918,25.5701,16.72,95,76,1.79,ZA,1680989612
126,vidor,30.1316,-94.0155,23.45,77,68,2.83,US,1680989338
127,vao,-22.6667,167.4833,24.93,77,11,4.32,NC,1680989612
128,port lincoln,-34.7333,135.8667,15.94,72,94,4.52,AU,1680989612
129,lasa,46.6166,10.7002,7.49,95,61,2.29,IT,1680989613
130,mombetsu,44.3525,143.3525,1.79,95,100,3.73,JP,1680989613
131,chumikan,54.7183,135.315,-10.4,95,98,0.26,RU,1680989613
132,banda aceh,5.5577,95.3222,26.35,83,99,3.78,ID,1680989613
133,lorengau,-2.0226,147.2712,26.55,85,100,4.56,PG,1680989613
134,madang,-5.2246,145.7966,25.39,89,100,0.61,PG,1680989613
135,asyut,27.181,31.1837,27.06,14,79,1.76,EG,1680989613
136,sitka,57.0531,-135.33,8.94,57,75,7.2,US,1680989428
137,bredasdorp,-34.5322,20.0403,14.19,69,90,0.75,ZA,1680989613
138,los llanos de aridane,28.6585,-17.9182,17.86,71,100,3.6,ES,1680989613
139,carnarvon,-24.8667,113.6333,20.7,71,9,5.88,AU,1680989614
140,beloha,-25.1667,45.05,23.18,90,100,0.54,MG,1680989614
141,kanigoro,-8.13,112.219,21.95,95,88,1.25,ID,1680989614
142,cap malheureux,-19.9842,57.6142,24.7,78,99,2.24,MU,1680989614
143,cabo san lucas,22.8909,-109.9124,28.99,44,0,1.54,MX,1680989569
144,fairbanks,64.8378,-147.7164,-8.21,57,75,2.06,US,1680989614
145,hospet,15.2667,76.4,26.31,46,0,3.37,IN,1680989614
146,fethiye,36.6217,29.1164,13.93,84,100,1.79,TR,1680989614
147,kurya,51.6003,82.2888,-3.74,60,13,4.57,RU,1680989614
148,anadyr,64.75,177.4833,-23.72,77,98,2.0,RU,1680989614
149,kosonsoy,41.2561,71.5508,11.31,70,100,3.19,UZ,1680989614
150,port hardy,50.6996,-127.4199,10.1,81,100,3.6,CA,1680989615
151,saldanha,-33.0117,17.9442,12.03,71,6,7.29,ZA,1680989615
152,imbituba,-28.24,-48.6703,23.81,79,100,2.76,BR,1680989615
153,dongsheng,39.8161,109.9776,3.77,37,0,4.6,CN,1680989615
154,bitung,1.4451,125.1824,24.47,84,97,3.67,ID,1680989615
155,la ronge,55.1001,-105.2842,9.14,34,75,5.66,CA,1680989426
156,pasni,25.2631,63.471,23.92,66,52,3.25,PK,1680989615
157,samarai,-10.6167,150.6667,27.27,80,86,0.67,PG,1680989615
158,pa sang,18.5262,98.9394,28.81,34,67,0.81,TH,1680989615
159,general roca,-39.0333,-67.5833,25.35,41,37,2.58,AR,1680989616
160,thompson,55.7435,-97.8558,9.09,34,0,5.14,CA,1680989429
161,mahebourg,-20.4081,57.7,24.58,94,40,1.03,MU,1680989616
162,akyab,20.15,92.9,24.96,59,0,2.42,MM,1680989616
163,kamenka,51.3223,42.7678,4.66,69,5,2.81,RU,1680989616
164,manama,26.2154,50.5832,24.96,47,0,1.54,BH,1680989617
165,wellington,-41.2866,174.7756,16.99,83,59,1.54,NZ,1680989617
166,vostok,46.4856,135.8833,-1.96,45,6,1.25,RU,1680989617
167,babu,24.4167,111.5167,17.73,84,98,0.41,CN,1680989617
168,cayenne,4.9333,-52.3333,28.02,69,100,4.63,GF,1680989404
169,tahe,52.3333,124.7333,0.28,74,77,3.1,CN,1680989617
170,gisborne,-38.6533,178.0042,15.08,86,99,2.19,NZ,1680989618
171,bengkulu,-3.8004,102.2655,23.68,89,99,1.85,ID,1680989618
172,sao joao da barra,-21.6403,-41.0511,24.05,93,100,6.75,BR,1680989618
173,kaka,37.3482,59.6143,20.0,29,9,2.95,TM,1680989618
174,carutapera,-1.195,-46.02,24.85,88,99,1.53,BR,1680989618
175,tagusao,9.1924,117.8141,25.44,82,92,1.34,PH,1680989618
176,cherskiy,68.75,161.3,-19.89,94,89,0.95,RU,1680989618
177,oussouye,12.485,-16.5469,26.1,60,100,6.67,SN,1680989618
178,iqaluit,63.7506,-68.5145,-17.15,66,40,8.75,CA,1680989618
179,zhoucheng,35.9122,116.3117,8.06,74,0,4.07,CN,1680989618
180,kodiak,57.79,-152.4072,-0.27,37,0,6.17,US,1680989596
181,pevek,69.7008,170.3133,-26.9,98,99,1.87,RU,1680989619
182,tiznit,29.5833,-9.5,17.2,60,28,0.96,MA,1680989619
183,pokhara,28.2333,83.9833,18.85,29,28,3.71,NP,1680989619
184,broome,42.2506,-75.833,10.92,27,0,2.57,US,1680989619
185,arraial do cabo,-22.9661,-42.0278,23.92,94,75,1.54,BR,1680989533
186,adrar,20.5022,-10.0711,27.47,15,100,3.39,MR,1680989619
187,kerman,30.2832,57.0788,12.92,35,0,0.0,IR,1680989619
188,san patricio,28.017,-97.5169,22.88,67,98,2.7,US,1680989619
189,kaitangata,-46.2817,169.8464,12.74,61,100,6.49,NZ,1680989619
190,puksoozero,62.5903,40.6066,-2.97,99,37,1.28,RU,1680989620
191,tuktoyaktuk,69.4541,-133.0374,-20.0,71,20,0.0,CA,1680989620
192,san lazaro,18.0387,-88.6622,32.77,30,0,5.58,BZ,1680989620
193,narasannapeta,18.4167,84.05,25.46,79,0,2.32,IN,1680989620
194,lubango,-14.9172,13.4925,16.92,82,0,2.06,AO,1680989620
195,miraflores,19.2167,-98.8083,25.36,35,70,4.12,MX,1680989620
196,camacha,33.0833,-16.3333,15.68,59,20,0.51,PT,1680989620
197,kihei,20.785,-156.4656,27.01,77,40,10.8,US,1680989446
198,avera,33.194,-82.5271,7.73,95,100,8.24,US,1680989620
199,sandim,41.0351,-8.507,16.38,82,85,0.88,PT,1680989620
200,bonthe,7.5264,-12.505,26.22,80,40,0.95,SL,1680989621
201,paducah,37.0834,-88.6001,19.12,32,20,6.17,US,1680989503
202,okhotsk,59.3833,143.3,-14.02,85,10,3.75,RU,1680989621
203,nandigama,16.7833,80.3,26.09,72,0,1.31,IN,1680989621
204,ginir,7.1333,40.7,14.86,76,31,1.82,ET,1680989621
205,geraldton,-28.7667,114.6,11.23,87,0,2.57,AU,1680989621
206,urusha,54.05,122.9,-8.96,84,38,2.31,RU,1680989621
207,tabou,4.423,-7.3528,27.16,83,99,4.2,CI,1680989621
208,luau,-10.7073,22.2247,17.51,96,96,1.33,AO,1680989621
209,clyde river,70.4692,-68.5914,-17.87,78,0,11.83,CA,1680989621
210,petatlan,17.5167,-101.2667,31.89,40,3,3.47,MX,1680989621
211,baghdad,33.3406,44.4009,18.95,52,75,3.09,IQ,1680989486
212,esperance,-33.8667,121.9,15.14,83,89,4.33,AU,1680989622
213,flinders,-34.5833,150.8552,15.66,59,5,4.47,AU,1680989622
214,mezen,65.8522,44.24,-0.2,93,100,3.24,RU,1680989622
215,ca mau,9.1769,105.15,26.25,81,25,2.92,VN,1680989622
216,bubaque,11.2833,-15.8333,25.64,74,100,9.32,GW,1680989622
217,mareeba,-17.0,145.4333,23.02,91,100,0.55,AU,1680989622
218,khatanga,71.9667,102.5,-23.73,98,100,2.45,RU,1680989622
219,sabang,5.8933,95.3214,28.25,73,99,5.0,ID,1680989622
220,peoria,40.7667,-89.7668,19.26,24,0,4.63,US,1680989622
221,soavinandriana,-19.1667,46.7333,13.65,94,97,1.4,MG,1680989622
222,kabo,7.6994,18.629,29.17,27,45,1.51,CF,1680989623
223,eureka,40.8021,-124.1637,15.34,63,100,3.13,US,1680989623
224,neepawa,50.2289,-99.4664,4.22,100,100,4.37,CA,1680989623
225,houma,29.5958,-90.7195,24.44,74,75,4.12,US,1680989480
226,buala,-8.145,159.5921,26.84,82,97,0.3,SB,1680989623
227,menongue,-14.6585,17.691,17.62,64,100,2.06,AO,1680989623
228,meulaboh,4.1363,96.1285,24.55,91,98,2.01,ID,1680989623
229,sur,22.5667,59.5289,26.17,61,49,4.57,OM,1680989623
230,porto torres,40.835,8.3972,9.1,80,14,1.16,IT,1680989623
231,fare,-16.7,-151.0167,27.94,78,62,8.73,PF,1680989624
232,rongcheng,30.634,117.8517,9.62,68,1,1.74,CN,1680989624
233,bukama,-9.2,25.85,20.85,94,98,0.58,CD,1680989624
234,saint-pierre,-21.3393,55.4781,25.82,73,75,1.54,RE,1680989624
235,qaqortoq,60.7167,-46.0333,-1.88,89,100,1.69,GL,1680989624
236,rosetown,51.5501,-108.0014,3.99,70,100,4.63,CA,1680989624
237,codrington,-38.2667,141.9667,12.37,68,99,7.01,AU,1680989624
238,teguise,29.0605,-13.564,16.12,68,20,5.66,ES,1680989199
239,monroe,43.1501,-77.6831,9.14,49,100,4.12,US,1680989624
240,urubamba,-13.3047,-72.1158,20.5,76,100,2.13,PE,1680989624
241,ribeira grande,38.5167,-28.7,16.22,72,75,6.17,PT,1680989625
242,mana,5.6592,-53.7767,25.61,77,84,4.45,GF,1680989625
243,bandarbeyla,9.4942,50.8122,27.51,77,27,4.79,SO,1680989625
244,rio grande,-32.035,-52.0986,23.06,68,11,4.53,BR,1680989625
245,vasyshcheve,49.8285,36.3269,9.56,75,100,3.72,UA,1680989625
246,corinto,37.9407,22.9573,11.61,75,92,1.38,GR,1680989625
247,san francisco,37.7749,-122.4194,20.55,69,75,4.02,US,1680989145
248,richards bay,-28.783,32.0377,22.68,88,53,1.31,ZA,1680989625
249,san angelo,31.4638,-100.437,24.38,47,75,3.13,US,1680989625
250,key west,24.5557,-81.7826,28.33,65,20,3.09,US,1680989443
251,najran,17.4924,44.1277,22.36,31,79,7.95,SA,1680989625
252,nome,64.5011,-165.4064,-21.96,64,40,3.6,US,1680989596
253,grindavik,63.8424,-22.4338,7.97,93,75,11.32,IS,1680989626
254,ouargaye,11.5033,0.0572,34.11,19,89,2.92,BF,1680989626
255,eatonton,33.3268,-83.3885,7.6,92,100,5.0,US,1680989554
256,natal,-5.795,-35.2094,27.36,83,20,2.57,BR,1680989493
257,dudinka,69.4058,86.1778,-29.1,95,35,4.51,RU,1680989626
258,margate,51.3813,1.3862,7.72,87,96,0.89,GB,1680989626
259,warrnambool,-38.3833,142.4833,11.3,65,100,7.71,AU,1680989626
260,itarema,-2.9248,-39.9167,25.83,82,95,2.15,BR,1680989626
261,galle,6.0367,80.217,24.62,85,31,2.78,LK,1680989626
262,chongwe,-15.3292,28.682,18.43,84,90,1.49,ZM,1680989626
263,padang,-0.9492,100.3543,26.03,84,100,1.6,ID,1680989627
264,poddorye,57.4695,31.1156,3.91,77,4,0.74,RU,1680989627
265,jeremoabo,-10.075,-38.4808,23.4,92,73,3.77,BR,1680989627
266,omsukchan,62.5333,155.8,-14.04,89,32,0.95,RU,1680989627
267,grand gaube,-20.0064,57.6608,24.65,78,98,2.24,MU,1680989627
268,yar-sale,66.8333,70.8333,-20.35,94,100,5.31,RU,1680989627
269,riachao das neves,-11.7461,-44.91,25.99,60,78,1.89,BR,1680989627
270,ahipara,-35.1667,173.1667,19.07,81,94,6.38,NZ,1680989627
271,mandalgovi,45.7625,106.2708,5.35,30,93,7.84,MN,1680989628
272,gutierrez,4.2547,-74.0025,14.22,99,100,1.4,CO,1680989628
273,la union,-5.4,-80.75,29.59,63,92,5.3,PE,1680989628
274,valdivia,-39.8142,-73.2459,19.05,65,92,1.43,CL,1680989529
275,turukhansk,65.8167,87.9833,-31.26,94,5,2.38,RU,1680989628
276,chapais,49.7834,-74.8492,0.88,79,100,4.1,CA,1680989628
277,vzmorye,54.6961,20.2361,5.05,95,100,1.97,RU,1680989628
278,kutum,14.2,24.6667,24.73,11,37,3.82,SD,1680989628
279,labuhan,-6.8844,112.2051,24.69,87,97,2.71,ID,1680989628
280,hami,42.8,93.45,9.69,33,2,1.98,CN,1680989628
281,bowen,-20.0167,148.2333,24.65,55,65,4.08,AU,1680989629
282,rocha,-34.4833,-54.3333,16.38,89,1,2.26,UY,1680989546
283,talcahuano,-36.7167,-73.1167,18.82,55,0,4.12,CL,1680989629
284,takoradi,4.8845,-1.7554,27.28,84,46,4.57,GH,1680989629
285,lebedinyy,58.5167,125.5167,-18.69,89,81,2.74,RU,1680989629
286,fortuna,40.5982,-124.1573,15.19,61,100,2.91,US,1680989629
287,xuddur,4.1213,43.8894,25.31,72,9,6.14,SO,1680989629
288,horodnya,51.8909,31.5974,8.56,79,99,2.82,UA,1680989629
289,pathein,16.7833,94.7333,23.54,92,36,2.43,MM,1680989629
290,tabuny,52.7773,78.7896,-2.14,47,71,6.06,RU,1680989629
291,shimoda,34.6667,138.95,10.61,49,2,3.2,JP,1680989630
292,isangel,-19.55,169.2667,28.42,76,21,2.64,VU,1680989630
293,freeport,40.6576,-73.5832,11.93,47,0,5.14,US,1680989630
294,balkanabat,39.5108,54.3671,21.01,32,74,2.98,TM,1680989630
295,mehamn,71.0357,27.8492,0.97,80,100,8.75,NO,1680989630
296,iguape,-24.7081,-47.5553,22.28,90,100,4.84,BR,1680989630
297,airai,-8.9266,125.4092,14.75,96,95,0.74,TL,1680989630
298,ampanihy,-24.7,44.75,23.05,85,100,2.15,MG,1680989630
299,murray bridge,-35.1167,139.2667,12.85,73,30,3.39,AU,1680989433
300,elizabeth city,36.2946,-76.2511,8.01,88,100,6.69,US,1680989630
301,lumsden,50.6501,-104.8678,2.53,100,91,5.99,CA,1680989631
302,gobabis,-22.45,18.9667,19.13,53,81,2.22,NA,1680989631
303,del rio,29.3627,-100.8968,23.06,57,20,4.63,US,1680989631
304,olinda,-8.0089,-34.8553,25.85,89,75,1.54,BR,1680989376
305,abu dhabi,24.4667,54.3667,26.08,58,0,1.03,AE,1680989402
306,yanai,33.9667,132.1167,8.0,77,57,0.58,JP,1680989508
307,dunedin,-45.8742,170.5036,12.47,73,99,8.29,NZ,1680989631
308,ventanas,-1.45,-79.4667,28.85,80,100,1.2,EC,1680989631
309,inongo,-1.95,18.2667,23.57,88,99,1.55,CD,1680989631
310,leninskoye,41.7589,69.3864,12.51,74,62,3.23,KZ,1680989631
311,tilichiki,60.4667,166.1,-11.48,93,100,4.14,RU,1680989631
312,caravelas,-17.7125,-39.2481,25.67,85,29,3.09,BR,1680989632
313,mitsamiouli,-11.3847,43.2844,27.22,78,85,2.04,KM,1680989632
314,walvis bay,-22.9575,14.5053,16.57,75,40,7.13,NA,1680989632
315,hofn,64.2539,-15.2082,6.77,97,57,3.73,IS,1680989632
316,cubuk,40.2386,33.0322,7.65,75,0,2.57,TR,1680989632
317,charters towers,-20.1,146.2667,24.39,29,59,4.21,AU,1680989632
318,rio gallegos,-51.6226,-69.2181,14.03,38,20,9.26,AR,1680989632
319,olafsvik,64.8945,-23.7142,6.31,85,56,9.68,IS,1680989632
320,manyana,-23.4,21.7167,20.7,56,98,2.78,BW,1680989632
321,makakilo city,21.3469,-158.0858,26.18,64,100,4.12,US,1680989633
322,guazacapan,14.0742,-90.4167,31.16,48,5,5.03,GT,1680989633
323,izumo,35.3667,132.7667,3.94,87,20,4.63,JP,1680989633
324,necochea,-38.5473,-58.7368,21.79,51,64,4.01,AR,1680989633
325,goderich,43.7501,-81.7165,3.18,65,99,2.57,CA,1680989633
326,blagoyevo,63.3667,47.9167,0.81,93,100,2.54,RU,1680989633
327,vila franca do campo,37.7167,-25.4333,14.23,73,100,3.08,PT,1680989633
328,linxia,35.6003,103.2064,7.25,47,58,1.09,CN,1680989633
329,linda,39.1277,-121.5508,21.57,45,75,2.57,US,1680989484
330,yatou,37.15,122.3833,7.31,81,13,4.13,CN,1680989633
331,zyryanka,65.75,150.85,-15.89,94,91,3.8,RU,1680989633
332,vanimo,-2.6741,141.3028,24.99,88,100,1.37,PG,1680989634
333,namatanai,-3.6667,152.4333,27.02,77,100,0.79,PG,1680989634
334,mankono,8.0586,-6.1897,23.58,81,64,2.13,CI,1680989634
335,bud,39.447,-86.1758,17.18,31,53,4.78,US,1680989634
336,touros,-5.1989,-35.4608,26.37,86,100,4.32,BR,1680989634
337,stornoway,58.2093,-6.3865,10.52,77,100,3.6,GB,1680989634
338,kununurra,-15.7667,128.7333,24.99,94,100,0.51,AU,1680989634
339,perth,-31.9333,115.8333,16.69,88,75,3.09,AU,1680989400
340,fougamou,-1.2154,10.5838,23.84,98,99,0.81,GA,1680989634
341,banepa,27.6298,85.5214,15.07,72,40,2.06,NP,1680989635
342,ternate,0.8,127.4,27.16,81,71,4.8,ID,1680989635
343,zhigansk,66.7697,123.3711,-30.61,100,59,1.47,RU,1680989635
344,west wendover,40.7391,-114.0733,14.56,31,0,3.6,US,1680989635
345,mukhen,48.1,136.1,1.32,48,98,1.51,RU,1680989635
346,tosya,41.0155,34.0401,5.9,81,87,1.37,TR,1680989635
347,chake chake,-5.2459,39.7666,26.45,83,6,2.37,TZ,1680989635
348,katangli,51.7102,143.2326,-3.71,72,100,7.44,RU,1680989635
349,kruisfontein,-34.0033,24.7314,15.49,91,100,6.54,ZA,1680989635
350,doha,25.2867,51.5333,25.99,25,0,4.12,QA,1680989635
351,otane,-39.8833,176.6333,14.45,89,100,0.53,NZ,1680989636
352,jian,27.1172,114.9793,13.46,78,0,0.29,CN,1680989636
353,jalu,29.0331,21.5482,22.14,35,28,5.54,LY,1680989636
354,plettenberg bay,-34.0527,23.3716,14.0,91,100,2.15,ZA,1680989636
355,mhlambanyatsi,-26.45,31.0167,13.51,94,8,1.33,SZ,1680989636
356,krynychky,48.3755,34.467,10.05,86,70,3.89,UA,1680989395
357,santa catarina de tepehuanes,25.35,-105.7333,26.5,5,0,7.02,MX,1680989636
358,vestmannaeyjar,63.4427,-20.2734,7.74,86,51,12.78,IS,1680989636
359,upernavik,72.7868,-56.1549,-22.76,93,91,6.56,GL,1680989636
360,gatton,-27.55,152.2833,18.01,52,0,5.65,AU,1680989636
361,changji,44.0167,87.3167,9.44,43,0,2.0,CN,1680989636
362,alta floresta,-9.8756,-56.0861,23.0,95,96,1.49,BR,1680989637
363,searcy,35.2506,-91.7363,20.76,47,20,5.14,US,1680989637
364,mitchell,43.7094,-98.0298,24.99,14,0,8.23,US,1680989637
365,emilio carranza,19.9711,-96.6114,21.77,85,97,5.38,MX,1680989637
366,calvinia,-31.4707,19.776,10.13,75,55,1.98,ZA,1680989637
367,alofi,-19.0595,-169.9187,28.94,79,40,6.17,NU,1680989637
368,sorong,-0.8833,131.25,27.04,80,55,2.08,ID,1680989637
369,mitu,1.1983,-70.1733,23.57,94,91,0.58,CO,1680989637
370,muli,2.9167,73.5667,28.21,72,44,2.91,MV,1680989637
371,kosa,59.9445,54.9977,-2.89,96,81,1.67,RU,1680989638
372,yaan,7.3833,8.5667,25.56,67,100,2.21,NG,1680989638
373,verkhnevilyuysk,63.4453,120.3167,-18.7,95,98,3.48,RU,1680989638
374,ombessa,4.603,11.2565,20.62,93,100,1.54,CM,1680989638
375,wadi musa,30.3222,35.4793,21.2,16,71,3.7,JO,1680989638
376,neryungri,56.6709,124.6491,-17.5,81,74,2.6,RU,1680989638
377,abonnema,4.7084,6.7931,26.61,86,100,3.94,NG,1680989638
378,maumere,-8.6199,122.2111,25.67,80,100,1.04,ID,1680989638
379,scottsbluff,41.8666,-103.6672,19.13,24,0,6.69,US,1680989442
380,belmonte,-15.8631,-38.8828,25.89,82,82,3.8,BR,1680989638
381,yazd,31.8972,54.3675,17.06,17,0,1.03,IR,1680989638
382,nicoya,10.1483,-85.452,31.77,43,100,3.78,CR,1680989639
383,hesla,24.0667,85.8833,26.24,20,72,2.13,IN,1680989640
384,sakakah,29.9697,40.2064,21.76,17,21,4.51,SA,1680989640
385,farmington,36.7281,-108.2187,18.38,16,0,3.6,US,1680989580
386,narsaq,60.9167,-46.05,3.12,89,100,1.41,GL,1680989640
387,yerbogachen,61.2767,108.0108,-16.37,98,99,1.23,RU,1680989640
388,pinega,64.7001,43.3936,-6.36,98,35,1.71,RU,1680989641
389,kavieng,-2.5744,150.7967,25.65,83,100,2.13,PG,1680989641
390,tautira,-17.7333,-149.15,27.59,78,65,7.92,PF,1680989641
391,ifakara,-8.1333,36.6833,21.85,96,48,0.97,TZ,1680989641
392,nanakuli,21.3906,-158.1547,26.97,60,100,4.12,US,1680989641
393,vardo,70.3705,31.1107,0.99,80,100,10.8,NO,1680989641
394,gorontalo,0.5412,123.0595,23.67,93,100,1.62,ID,1680989641
395,saint-georges,12.0564,-61.7485,26.82,83,40,6.69,GD,1680989642
396,shaping,22.7545,112.9565,19.9,60,83,1.44,CN,1680989642
397,tazovskiy,67.4667,78.7,-32.24,97,16,2.28,RU,1680989642
398,oranjemund,-28.55,16.4333,14.11,78,1,7.01,NA,1680989642
399,elat,29.5581,34.9482,24.91,29,87,2.06,IL,1680989642
400,mayor pablo lagerenza,-19.9309,-60.7718,25.18,50,0,1.97,PY,1680989642
401,maragogi,-9.0122,-35.2225,25.67,88,69,3.14,BR,1680989643
402,san quintin,30.4833,-115.95,17.58,65,6,7.19,MX,1680989643
403,camana,-16.6228,-72.7111,23.85,74,7,2.51,PE,1680989643
404,aras,42.5617,-2.356,12.23,44,0,1.03,ES,1680989643
405,ridgecrest,35.6225,-117.6709,23.9,23,0,3.6,US,1680989643
406,pangkalanbuun,-2.6833,111.6167,22.47,97,84,1.19,ID,1680989643
407,zhangye,38.9342,100.4517,7.8,19,83,1.38,CN,1680989644
408,yulara,-25.2406,130.9889,18.17,47,7,4.17,AU,1680989644
409,sarangani,5.4033,125.4636,27.35,77,100,2.47,PH,1680989644
410,plesetsk,62.708,40.2916,-2.29,98,49,1.43,RU,1680989644
411,erenhot,43.6475,111.9767,5.04,27,50,4.98,CN,1680989644
412,leh,34.1667,77.5833,-9.73,57,0,1.2,IN,1680989644
413,antalaha,-14.9003,50.2788,23.3,92,63,2.04,MG,1680989644
414,wladyslawowo,54.7909,18.4009,8.6,91,98,3.14,PL,1680989644
415,capreol,46.706,-80.9225,5.31,38,0,5.66,CA,1680989645
416,neiafu,-18.65,-173.9833,28.38,78,40,3.6,TO,1680989645
417,lufilufi,-13.8745,-171.5986,31.88,75,20,8.92,WS,1680989645
418,kargasok,59.0556,80.8572,-15.79,81,27,7.57,RU,1680989645
419,manaure,11.7751,-72.4445,28.47,65,67,5.62,CO,1680989645
420,palmer,42.1584,-72.3287,11.35,17,75,3.09,US,1680989544
421,uaua,-9.8414,-39.4817,26.45,66,98,7.01,BR,1680989645
422,mizan teferi,6.9833,35.5833,17.4,84,71,1.64,ET,1680989645
423,matara,5.9485,80.5353,24.07,87,39,2.21,LK,1680989646
424,kurchum,48.5722,83.6542,-2.85,64,1,3.77,KZ,1680989646
425,pangnirtung,66.1451,-65.7125,-24.94,99,98,0.5,CA,1680989646
426,merauke,-8.4667,140.3333,25.58,88,100,3.27,ID,1680989646
427,waipawa,-41.4122,175.5153,14.4,77,87,4.36,NZ,1680989646
428,kupino,54.3663,77.2981,-2.31,56,93,6.59,RU,1680989646
429,lompoc,34.6391,-120.4579,22.79,78,75,4.12,US,1680989563
430,beringovskiy,63.05,179.3167,-14.18,87,72,1.34,RU,1680989646
431,ornskoldsvik,63.2909,18.7153,3.53,65,20,3.6,SE,1680989646
432,faya,18.3851,42.4509,16.06,51,9,1.69,SA,1680989646
433,labytnangi,66.6572,66.4183,-15.63,97,100,2.93,RU,1680989647
434,itacoatiara,-3.1431,-58.4442,25.57,86,71,1.55,BR,1680989647
435,leningradskiy,69.3833,178.4167,-19.3,92,100,7.41,RU,1680989647
436,lubao,14.9167,120.55,26.04,81,6,1.46,PH,1680989647
437,kayankulam,9.1833,76.5,25.69,84,7,1.83,IN,1680989647
438,kysyl-syr,63.8986,122.7617,-23.74,97,84,2.16,RU,1680989647
439,san policarpo,12.1791,125.5072,26.37,79,65,6.17,PH,1680989647
440,husavik,66.0449,-17.3389,3.19,95,64,5.2,IS,1680989647
441,moose factory,51.2585,-80.6094,7.0,31,0,5.66,CA,1680989647
442,diglur,18.55,77.6,25.23,61,96,2.15,IN,1680989648
443,toktogul,41.8708,72.9402,9.19,97,100,0.42,KG,1680989648
444,acapulco,16.8634,-99.8901,30.9,58,0,5.14,MX,1680989648
445,quime,-16.9833,-67.2167,10.91,89,100,2.22,BO,1680989648
446,ketchikan,55.3422,-131.6461,6.99,87,100,11.32,US,1680989648
447,medzev,48.7004,20.8937,3.2,95,51,1.22,SK,1680989648
448,angoche,-16.2325,39.9086,25.72,82,41,2.32,MZ,1680989648
449,nanzhang,31.7765,111.8386,12.77,61,85,0.8,CN,1680989649
450,port-cartier,50.0334,-66.8654,-0.88,66,100,5.02,CA,1680989649
451,ibra,22.6906,58.5334,24.43,56,100,3.02,OM,1680989649
452,sungurlu,40.1675,34.3739,8.39,64,100,2.37,TR,1680989649
453,honiara,-9.4333,159.95,28.87,74,87,0.93,SB,1680989649
454,cockburn town,21.4612,-71.1419,26.98,65,40,6.17,TC,1680989409
455,matamoros,25.5333,-103.25,26.17,33,75,3.09,MX,1680989649
456,lata,40.1629,-8.3327,13.04,69,79,0.91,PT,1680989649
457,newport,51.5877,-2.9984,9.73,73,99,2.08,GB,1680989650
458,matelica,43.2541,13.0106,8.35,81,32,1.37,IT,1680989650
459,cocachacra,-17.0883,-71.7575,24.03,69,1,2.82,PE,1680989650
460,omboue,-1.5746,9.2618,26.18,88,100,3.11,GA,1680989650
461,new bern,35.1085,-77.0441,8.9,68,100,12.35,US,1680989651
462,umea,63.8284,20.2597,0.51,80,0,1.03,SE,1680989651
463,yaring,6.8662,101.3689,25.62,85,60,3.24,TH,1680989651
464,shishou,29.7226,112.419,12.98,64,58,3.4,CN,1680989651
465,sept-iles,50.2001,-66.3821,-0.71,33,40,6.17,CA,1680989651
466,aswan,24.0934,32.907,27.61,26,76,3.94,EG,1680989651
467,yellandu,17.6,80.3333,26.14,62,0,1.48,IN,1680989651
468,nantucket,41.2835,-70.0995,8.03,50,0,3.09,US,1680989471
469,tukrah,32.5341,20.5791,14.75,83,81,5.34,LY,1680989652
470,ritchie,-29.038,24.6028,13.56,68,97,4.64,ZA,1680989652
471,siniscola,40.5719,9.6922,7.75,83,5,3.03,IT,1680989652
472,palembang,-2.9167,104.7458,26.05,94,40,0.0,ID,1680989652
473,anda,46.4,125.3167,5.13,34,25,5.69,CN,1680989652
474,aklavik,68.2191,-135.0107,-16.0,55,20,1.54,CA,1680989652
475,narragansett,41.4501,-71.4495,11.51,50,75,7.2,US,1680989652
476,mercedes,-34.6515,-59.4307,23.69,53,18,2.64,AR,1680989652
477,augusto correa,-1.0217,-46.635,24.0,94,100,1.27,BR,1680989653
478,mandera,3.9366,41.867,30.66,48,42,1.71,KE,1680989653
479,pemba,-12.974,40.5178,26.51,81,49,2.18,MZ,1680989653
480,nago,26.5881,127.9761,14.47,62,5,4.93,JP,1680989653
481,negri,46.7,26.9667,4.12,81,87,1.31,RO,1680989653
482,dawei,14.0833,98.2,23.72,87,100,1.18,MM,1680989653
483,raudeberg,61.9875,5.1352,4.93,73,91,2.8,NO,1680989654
484,riyadh,24.6877,46.7219,22.08,26,3,1.3,SA,1680989563
485,guerrero negro,27.9769,-114.0611,18.7,57,11,7.81,MX,1680989654
486,gap,44.6667,6.0,0.46,61,2,2.4,FR,1680989654
487,huanren,41.2647,125.3667,2.32,56,0,2.45,CN,1680989654
488,akhmeta,42.0311,45.2075,7.29,85,64,2.65,GE,1680989654
489,livingston,55.9029,-3.5226,8.66,89,0,3.09,GB,1680989456
490,garowe,8.4054,48.4845,24.33,73,0,6.24,SO,1680989654
491,qasigiannguit,68.8193,-51.1922,3.14,93,100,0.93,GL,1680989654
492,nouadhibou,20.931,-17.0347,17.99,88,0,7.2,MR,1680989655
493,mirnyy,62.5353,113.9611,-17.65,64,100,8.05,RU,1680989655
494,ulaanbaatar,47.9077,106.8832,-0.93,64,75,1.0,MN,1680989655
495,copiapo,-27.3667,-70.3333,18.83,36,0,3.14,CL,1680989367
496,aleksandrovsk-sakhalinskiy,50.8975,142.1561,-2.62,79,98,2.56,RU,1680989655
497,boyolangu,-8.1181,111.8935,22.88,91,89,0.53,ID,1680989655
498,basco,20.4487,121.9702,22.69,71,98,11.55,PH,1680989655
499,kidal,18.4411,1.4078,28.23,13,77,5.16,ML,1680989655
500,klichka,50.4457,117.996,1.66,56,69,2.82,RU,1680989656
501,whitecourt,54.1502,-115.6855,15.58,21,75,4.63,CA,1680989656
502,zhob,31.3411,69.4481,17.33,46,2,1.13,PK,1680989656
503,pimentel,-6.8367,-79.9342,30.16,62,20,5.66,PE,1680989656
504,lucea,18.451,-78.1736,27.92,69,23,2.5,JM,1680989656
505,enid,36.3956,-97.8784,23.32,23,0,5.66,US,1680989656
506,arlit,18.7369,7.3853,28.15,13,2,5.53,NE,1680989656
507,constantine,36.365,6.6147,10.67,53,0,0.0,DZ,1680989656
508,taoudenni,22.6783,-3.9836,26.62,19,100,5.39,ML,1680989657
509,mount gambier,-37.8333,140.7667,11.71,73,100,3.44,AU,1680989657
510,abu samrah,35.3029,37.1841,17.54,32,100,0.25,SY,1680989657
511,muros,42.7762,-9.0603,14.52,79,62,1.71,ES,1680989657
512,havoysund,70.9963,24.6622,2.13,84,100,3.71,NO,1680989657
513,mosetse,-20.75,26.65,22.41,33,55,3.68,BW,1680989657
514,nelson bay,-32.7167,152.15,17.27,62,0,5.81,AU,1680989657
515,yuli,9.6989,10.2744,26.17,69,98,4.32,NG,1680989657
516,katunino,64.3862,40.6298,-4.06,99,55,1.47,RU,1680989657
517,nhulunbuy,-12.2333,136.7667,25.34,94,100,0.0,AU,1680989658
518,tanout,14.9709,8.8879,31.41,9,83,3.95,NE,1680989658
519,champerico,14.3,-91.9167,29.3,59,26,5.17,GT,1680989658
520,plon,54.1667,10.4167,5.59,98,25,2.86,DE,1680989658
521,dakar,14.6937,-17.4441,22.49,78,0,5.14,SN,1680989165
522,celestun,20.8667,-90.4,27.34,63,0,6.96,MX,1680989658
523,tornio,65.8481,24.1466,-2.99,90,100,3.56,FI,1680989658
524,kuytun,54.3419,101.5036,-5.89,75,100,0.98,RU,1680989658
525,sao geraldo do araguaia,-6.4006,-48.555,22.38,96,58,0.57,BR,1680989659
526,urumqi,43.801,87.6005,7.53,43,0,2.0,CN,1680989659
527,porto novo,6.4965,2.6036,28.9,82,87,2.43,BJ,1680989659
528,umm lajj,25.0213,37.2685,25.98,59,1,4.25,SA,1680989659
529,gornozavodsk,58.3758,58.3211,-3.08,98,42,1.21,RU,1680989659
530,port blair,11.6667,92.75,25.87,80,91,2.1,IN,1680989443
531,villa bruzual,9.3328,-69.1208,32.9,35,100,2.16,VE,1680989659
532,kingman,35.1894,-114.053,23.4,12,0,5.14,US,1680989659
533,spornoye,50.8448,37.2913,7.58,77,93,3.01,RU,1680989660
534,huarmey,-10.0681,-78.1522,26.96,73,100,4.83,PE,1680989660
535,picayune,30.5255,-89.6795,24.92,83,99,3.14,US,1680989517
536,djibo,14.1022,-1.6306,31.92,30,87,6.52,BF,1680989660
537,north bend,43.4065,-124.2243,15.69,54,100,4.12,US,1680989660
538,urengoy,65.9667,78.3667,-29.67,95,14,3.28,RU,1680989660
539,juneau,58.3019,-134.4197,10.0,56,75,6.17,US,1680989466
540,mena,51.5217,32.2157,8.78,79,100,3.01,UA,1680989660
541,ust-ordynskiy,52.805,104.7508,-3.85,59,100,2.27,RU,1680989661
542,imeni poliny osipenko,52.4201,136.4853,-6.78,92,65,1.32,RU,1680989661
543,burgos,42.3394,-3.7079,10.23,50,0,2.57,ES,1680989661
544,ust-tarka,55.5672,75.705,-2.32,70,93,5.59,RU,1680989661
545,teya,60.3778,92.6267,-7.82,95,100,2.4,RU,1680989661
546,liku,-0.7275,119.8922,22.86,92,99,0.78,ID,1680989662
547,tabuk,17.4189,121.4443,20.76,91,32,2.08,PH,1680989662
548,puerto baquerizo moreno,-0.9,-89.6,29.55,74,40,2.57,EC,1680989662
